Workbook

Sheet Sheet1
H1: 45497
A2: Buy-Date | B2: Sale-Date | C2: Buy Amount | D2: Sale Amount | G2: Days | H2: Period
A3: 19-07-2023 | B3: 09-05-2024 | C3: 35558.75 | D3: 35875 | F3: . | G3: =IF(B3-A3>365,"LT","ST") -> ST | H3: =IF(B3<H$1,1,2) -> 2
A4: 04-09-2023 | B4: 09-05-2024 | C4: 19831 | D4: 20090 | G4: =IF(B4-A4>365,"LT","ST") -> ST | H4: =IF(B4<H$1,1,2) -> 2
A5: 07-12-2023 | B5: 09-05-2024 | C5: 11505 | D5: 12030 | G5: =IF(B5-A5>365,"LT","ST") -> ST | H5: =IF(B5<H$1,1,2) -> 2
A6: 01-02-2024 | B6: 09-05-2024 | C6: 9572 | D6: 8020 | G6: =IF(B6-A6>365,"LT","ST") -> ST | H6: =IF(B6<H$1,1,2) -> 2
A7: 01-02-2024 | B7: 09-05-2024 | C7: 4800 | D7: 4010 | G7: =IF(B7-A7>365,"LT","ST") -> ST | H7: =IF(B7<H$1,1,2) -> 2
G8: =IF(B8-A8>365,"LT","ST") -> ST | H8: =IF(B8<H$1,1,2) -> 1
G9: =IF(B9-A9>365,"LT","ST") -> ST | H9: =IF(B9<H$1,1,2) -> 1
G10: =IF(B10-A10>365,"LT","ST") -> ST | H10: =IF(B10<H$1,1,2) -> 1
G11: =IF(B11-A11>365,"LT","ST") -> ST | H11: =IF(B11<H$1,1,2) -> 1
G12: =IF(B12-A12>365,"LT","ST") -> ST | H12: =IF(B12<H$1,1,2) -> 1
G13: =IF(B13-A13>365,"LT","ST") -> ST | H13: =IF(B13<H$1,1,2) -> 1
G14: =IF(B14-A14>365,"LT","ST") -> ST | H14: =IF(B14<H$1,1,2) -> 1
G15: =IF(B15-A15>365,"LT","ST") -> ST | H15: =IF(B15<H$1,1,2) -> 1
G16: =IF(B16-A16>365,"LT","ST") -> ST | H16: =IF(B16<H$1,1,2) -> 1
G17: =IF(B17-A17>365,"LT","ST") -> ST | H17: =IF(B17<H$1,1,2) -> 1
G18: =IF(B18-A18>365,"LT","ST") -> ST | H18: =IF(B18<H$1,1,2) -> 1
G19: =IF(B19-A19>365,"LT","ST") -> ST | H19: =IF(B19<H$1,1,2) -> 1
... G4025: =IF(B4025-A4025>365,"LT","ST") -> ST | H4025: =IF(B4025<H$1,1,2) -> 1

Sheet Sheet2
C3: Upto 23-7-24 | F3: From 24-7-24 | I3: Total
C4: Sale | D4: Purchase | E4: Gain | F4: Sale | G4: Purchase | H4: Gain | I4: Sale | J4: Purchase | K4: Gain
B5: ST | C5: =+SUMIFS(Sheet1!$D:$D,Sheet1!$G:$G,"ST",Sheet1!$H:$H,1) -> 0 | D5: =+SUMIFS(Sheet1!$C:$C,Sheet1!$G:$G,"ST",Sheet1!$H:$H,1) -> 0 | E5: =+C5-D5 -> 0 | F5: =ROUND(SUMIFS(Sheet1!$D:$D,Sheet1!$G:$G,"ST",Sheet1!$H:$H,2),2) -> 80025 | G5: =ROUND(SUMIFS(Sheet1!$C:$C,Sheet1!$G:$G,"ST",Sheet1!$H:$H,2),2) -> 81266.75 | H5: =ROUND(F5-G5,2) -> -1241.75 | I5: =+SUMIFS(Sheet1!$D:$D,Sheet1!$G:$G,"ST") -> 80025 | J5: =+SUMIFS(Sheet1!$C:$C,Sheet1!$G:$G,"ST") -> 81266.75 | K5: =+I5-J5 -> -1241.75
B6: LT | C6: =+SUMIFS(Sheet1!$D:$D,Sheet1!$G:$G,"LT",Sheet1!$H:$H,1) -> 0 | D6: =+SUMIFS(Sheet1!$C:$C,Sheet1!$G:$G,"LT",Sheet1!$H:$H,1) -> 0 | E6: =+C6-D6 -> 0 | F6: =ROUND(SUMIFS(Sheet1!$D:$D,Sheet1!$G:$G,"LT",Sheet1!$H:$H,2),2) -> 0 | G6: =ROUND(SUMIFS(Sheet1!$C:$C,Sheet1!$G:$G,"LT",Sheet1!$H:$H,2),2) -> 0 | H6: =ROUND(F6-G6,2) -> 0 | I6: =+SUMIFS(Sheet1!$D:$D,Sheet1!$G:$G,"LT") -> 0 | J6: =+SUMIFS(Sheet1!$C:$C,Sheet1!$G:$G,"LT") -> 0 | K6: =+I6-J6 -> 0
B7: Total | C7: =+SUMIFS(Sheet1!$D:$D,Sheet1!$H:$H,1) -> 0 | D7: =+SUMIFS(Sheet1!$C:$C,Sheet1!$H:$H,1) -> 0 | E7: =+C7-D7 -> 0 | F7: =ROUND(SUMIFS(Sheet1!$D:$D,Sheet1!$H:$H,2),2) -> 80025 | G7: =ROUND(SUMIFS(Sheet1!$C:$C,Sheet1!$H:$H,2),2) -> 81266.75 | H7: =ROUND(F7-G7,2) -> -1241.75 | I7: =+SUM(Sheet1!$D:$D) -> 80025 | J7: =+SUM(Sheet1!$C:$C) -> 81266.75 | K7: =+I7-J7 -> -1241.75
B9: Cross Chek | C9: =+C7-SUM(C5:C6) -> 0 | D9: =+D7-SUM(D5:D6) -> 0 | E9: =+E7-SUM(E5:E6) -> 0 | F9: =+F7-SUM(F5:F6) -> 0 | G9: =+G7-SUM(G5:G6) -> 0 | H9: =+H7-SUM(H5:H6) -> 0 | I9: =+I7-SUM(I5:I6) -> 0 | J9: =+J7-SUM(J5:J6) -> 0 | K9: =+K7-SUM(K5:K6) -> 0
I10: =+C7+F7-I7 -> 0 | J10: =+D7+G7-J7 -> 0 | K10: =+E7+H7-K7 -> 0
A13: 1 | B13: =B5&"CG "&IF(E5>0,"Gain","Loss")&" Upto 23/07/2024 " &TEXT(E5,"##,##,000.00")&" Sale Value "&TEXT(C5,"##,##,000.00")&" Cost Value "&TEXT(D5,"##,##,000.00") -> STCG Loss Upto 23/07/2024 000.00 Sale Value 000.00 Cost Value 000.00
A14: 2 | B14: =B6&"CG "&IF(E6>0,"Gain","Loss")&" Upto 23/07/2024 " &TEXT(E6,"##,##,000.00")&" Sale Value "&TEXT(C6,"##,##,000.00")&" Cost Value "&TEXT(D6,"##,##,000.00") -> LTCG Loss Upto 23/07/2024 000.00 Sale Value 000.00 Cost Value 000.00
A15: 3 | B15: =B5&"CG "&IF(H5>0,"Gain","Loss")&" after 23/07/2024 " &TEXT(H5,"##,##,000.00")&" Sale Value "&TEXT(F5,"##,##,000.00")&" Cost Value "&TEXT(G5,"##,##,000.00") -> STCG Loss after 23/07/2024 -1,241.75 Sale Value 80,025.00 Cost Value 81,266.75
A16: 4 | B16: =B6&"CG "&IF(H6>0,"Gain","Loss")&" after 23/07/2024 " &TEXT(H6,"##,##,000.00")&" Sale Value "&TEXT(F6,"##,##,000.00")&" Cost Value "&TEXT(G6,"##,##,000.00") -> LTCG Loss after 23/07/2024 000.00 Sale Value 000.00 Cost Value 000.00
